시도,시군구,결핵환자수,신환자수,재치료자수,병무청_관할
전국,합계,17923,14412,3511,기타
경기도,계,4073,3205,868,경인청
서울특별시,계,3012,2383,629,서울청
경상북도,계,1403,1143,260,대구경북청
부산광역시,계,1141,904,237,부산울산청
경상남도,계,1087,867,220,부산울산청
전라남도,계,1007,818,189,광주전남청
인천광역시,계,950,787,163,경인청
대구광역시,계,878,767,111,대구경북청
충청남도,계,873,702,171,대전충남청
전북특별자치도,계,731,608,123,전북청
강원특별자치도,계,728,577,151,강원영동청
충청북도,계,605,489,116,충청북도청
광주광역시,계,404,332,72,광주전남청
대전광역시,계,369,299,70,대전충남청
울산광역시,계,366,297,69,부산울산청
제주특별자치도,계,238,195,43,제주청
세종특별자치시,세종특별자치시,58,39,19,대전충남청
